                  epoch,         train/box_loss,         train/cls_loss,         train/dfl_loss,   metrics/precision(B),      metrics/recall(B),       metrics/mAP50(B),    metrics/mAP50-95(B),           val/box_loss,           val/cls_loss,           val/dfl_loss,                 lr/pg0,                 lr/pg1,                 lr/pg2
                      1,                 1.6287,                 2.6726,                 1.4411,                0.69947,                0.18973,                0.28791,                0.20197,                 1.0711,                 1.8282,                 1.0227,             0.00036617,             0.00036617,             0.00036617
                      2,                 1.4237,                 1.8157,                  1.325,                0.91929,                0.31229,                0.35686,                0.26154,                0.95155,                 1.1345,                0.96976,             0.00049346,             0.00049346,             0.00049346
                      3,                 1.3528,                 1.6422,                 1.2867,                  0.883,                0.37254,                0.39485,                0.31344,                0.79314,                0.96797,                0.93051,             0.00037633,             0.00037633,             0.00037633
