                  epoch,         train/box_loss,         train/cls_loss,         train/dfl_loss,   metrics/precision(B),      metrics/recall(B),       metrics/mAP50(B),    metrics/mAP50-95(B),           val/box_loss,           val/cls_loss,           val/dfl_loss,                 lr/pg0,                 lr/pg1,                 lr/pg2
                      1,                  1.592,                 2.5582,                 1.1721,                0.67354,                0.46007,                0.57108,                0.34685,                 1.4426,                 2.2181,                 1.1029,             0.00033081,             0.00033081,             0.00033081
                      2,                 1.3353,                 1.4267,                 1.0608,                0.69149,                0.73337,                0.74039,                0.42612,                 1.4305,                 1.4881,                  1.088,             0.00044497,             0.00044497,             0.00044497
                      3,                 1.2549,                  1.194,                 1.0294,                0.79573,                0.80435,                 0.8563,                0.53118,                 1.2804,                 1.1719,                 1.0403,             0.00033914,             0.00033914,             0.00033914
